"Status","Start Time","Stop Time","Duration in ms","Parent Suite","Suite","Sub Suite","Test Class","Test Method","Name","Description"
"passed","Mon Sep 12 15:29:52 GMT 2022","Mon Sep 12 15:30:41 GMT 2022","48477","","Inbox Test Suite","","Inbox Test Suite","TC655 - To verify users will be able to see all the SMs to which the conversation belongs to.","TC655 - To verify users will be able to see all the SMs to which the conversation belongs to.",""
"passed","Mon Sep 12 15:08:47 GMT 2022","Mon Sep 12 15:09:13 GMT 2022","26433","","Inbox Test Suite","","Inbox Test Suite","TC635 - To verify the ""Category View"" button for 5 default categories shows count of unread conversation present under them.","TC635 - To verify the ""Category View"" button for 5 default categories shows count of unread conversation present under them.",""
"passed","Mon Sep 12 15:05:01 GMT 2022","Mon Sep 12 15:05:45 GMT 2022","43875","","Left and Right Panel Test Suite","","Left and Right Panel Test Suite","TC752 - Verify that user is able to compose and send an email with large content","TC752 - Verify that user is able to compose and send an email with large content",""
"passed","Mon Sep 12 15:15:30 GMT 2022","Mon Sep 12 15:15:56 GMT 2022","26690","","Inbox Test Suite","","Inbox Test Suite","TC652 - To verify user is able to navigate to search screen from default categories present under Gmail Inbox.","TC652 - To verify user is able to navigate to search screen from default categories present under Gmail Inbox.",""
"passed","Mon Sep 12 14:52:32 GMT 2022","Mon Sep 12 14:53:35 GMT 2022","63225","","Login Test Suite","","Login Test Suite","TC278- Verify that user is shown  ‘No internet connection’ hello bar at all times inside the app if there’s no internet","TC278- Verify that user is shown  ‘No internet connection’ hello bar at all times inside the app if there’s no internet",""
"passed","Mon Sep 12 15:11:11 GMT 2022","Mon Sep 12 15:11:54 GMT 2022","43237","","Inbox Test Suite","","Inbox Test Suite","TC642 - To verify thread count is shown beside each conversation if the count of mails present in the same is 2 or more than 2.","TC642 - To verify thread count is shown beside each conversation if the count of mails present in the same is 2 or more than 2.",""
"passed","Mon Sep 12 14:54:05 GMT 2022","Mon Sep 12 14:54:31 GMT 2022","26554","","Left and Right Panel Test Suite","","Left and Right Panel Test Suite","TC725 - To verify right drawer panel  is accessible when user clicks on ""Profile Avatar"" in home page.","TC725 - To verify right drawer panel  is accessible when user clicks on ""Profile Avatar"" in home page.",""
"passed","Mon Sep 12 14:56:53 GMT 2022","Mon Sep 12 14:57:22 GMT 2022","28226","","Left and Right Panel Test Suite","","Left and Right Panel Test Suite","TC732 - Verify that user is able to access "" help & feedback"" even with no internet connection.","TC732 - Verify that user is able to access "" help & feedback"" even with no internet connection.",""
"passed","Mon Sep 12 15:34:32 GMT 2022","Mon Sep 12 15:35:57 GMT 2022","85538","","Inbox Test Suite","","Inbox Test Suite","TC670 - To verify conversation menu (three dots) contains two options (mark as unread, remove conversation from SM) when user selects any shared conversation form inbox","TC670 - To verify conversation menu (three dots) contains two options (mark as unread, remove conversation from SM) when user selects any shared conversation form inbox",""
"passed","Mon Sep 12 15:00:53 GMT 2022","Mon Sep 12 15:01:38 GMT 2022","45211","","Left and Right Panel Test Suite","","Left and Right Panel Test Suite","TC743 - Verify user should be able to add Subject, To, Cc, Bcc fields","TC743 - Verify user should be able to add Subject, To, Cc, Bcc fields",""
"passed","Mon Sep 12 15:14:13 GMT 2022","Mon Sep 12 15:14:40 GMT 2022","27704","","Inbox Test Suite","","Inbox Test Suite","TC649 - To verify user are able to mark conversation as ""unread"" from the app.","TC649 - To verify user are able to mark conversation as ""unread"" from the app.",""
"passed","Mon Sep 12 15:32:40 GMT 2022","Mon Sep 12 15:33:07 GMT 2022","26460","","Inbox Test Suite","","Inbox Test Suite","TC659 - To verify users can switch to different SMs and able to see the assignee and other informations","TC659 - To verify users can switch to different SMs and able to see the assignee and other informations",""
"passed","Mon Sep 12 15:35:58 GMT 2022","Mon Sep 12 15:37:25 GMT 2022","86730","","Inbox Test Suite","","Inbox Test Suite","TC672 - To verify confirmation popup before removing the conversation","TC672 - To verify confirmation popup before removing the conversation",""
"passed","Mon Sep 12 15:27:52 GMT 2022","Mon Sep 12 15:28:25 GMT 2022","32477","","Inbox Test Suite","","Inbox Test Suite","TC647 - To verify users are able to ""reply/reply all/forward"" the mails available at a conversation level.","TC647 - To verify users are able to ""reply/reply all/forward"" the mails available at a conversation level.",""
"passed","Mon Sep 12 14:57:23 GMT 2022","Mon Sep 12 14:57:50 GMT 2022","26606","","Left and Right Panel Test Suite","","Left and Right Panel Test Suite","TC733 - To verify user is able to ""Logout"" from app in ""No Internet"" scenario.","TC733 - To verify user is able to ""Logout"" from app in ""No Internet"" scenario.",""
"passed","Mon Sep 12 14:50:54 GMT 2022","Mon Sep 12 14:51:06 GMT 2022","11832","","Login Test Suite","","Login Test Suite","TC262- Verify that app version is shown on the login screen","TC262- Verify that app version is shown on the login screen",""
"passed","Mon Sep 12 15:13:31 GMT 2022","Mon Sep 12 15:14:11 GMT 2022","40227","","Inbox Test Suite","","Inbox Test Suite","TC648 - To verify users are not able to create ""Shared Draft"" using hiver menu present in compose section.","TC648 - To verify users are not able to create ""Shared Draft"" using hiver menu present in compose section.",""
"passed","Mon Sep 12 14:51:51 GMT 2022","Mon Sep 12 14:52:31 GMT 2022","40280","","Login Test Suite","","Login Test Suite","TC261- Verify that user gets a screen which information about what hiver will access in Google account","TC261- Verify that user gets a screen which information about what hiver will access in Google account",""
"passed","Mon Sep 12 14:58:18 GMT 2022","Mon Sep 12 14:58:47 GMT 2022","29368","","Left and Right Panel Test Suite","","Left and Right Panel Test Suite","TC735 - To verify ""Compose"" page is displayed when clicked on ""Compose"" button in left drawer panel.","TC735 - To verify ""Compose"" page is displayed when clicked on ""Compose"" button in left drawer panel.",""
"passed","Mon Sep 12 15:11:56 GMT 2022","Mon Sep 12 15:12:31 GMT 2022","34845","","Inbox Test Suite","","Inbox Test Suite","TC645 - To verify When the user enters into a conversation, all unread emails are expanded by default, and the rest are collapsed","TC645 - To verify When the user enters into a conversation, all unread emails are expanded by default, and the rest are collapsed",""
"passed","Mon Sep 12 15:04:07 GMT 2022","Mon Sep 12 15:05:00 GMT 2022","52884","","Left and Right Panel Test Suite","","Left and Right Panel Test Suite","TC749 - Verify if email is composed and sent via an SM alias, its behaviour should be same as web i.e it should be closed by default and not assign","TC749 - Verify if email is composed and sent via an SM alias, its behaviour should be same as web i.e it should be closed by default and not assign",""
"passed","Mon Sep 12 15:09:40 GMT 2022","Mon Sep 12 15:10:06 GMT 2022","25894","","Inbox Test Suite","","Inbox Test Suite","TC639 - To verify that the ""Profile Letter"" of the user is shown who started the conversation under default inbox categories.","TC639 - To verify that the ""Profile Letter"" of the user is shown who started the conversation under default inbox categories.",""
"passed","Mon Sep 12 15:10:34 GMT 2022","Mon Sep 12 15:11:10 GMT 2022","36273","","Inbox Test Suite","","Inbox Test Suite","TC641 - To verify that snippet of last sent email is visible in the conversation list.","TC641 - To verify that snippet of last sent email is visible in the conversation list.",""
"passed","Mon Sep 12 15:07:54 GMT 2022","Mon Sep 12 15:08:46 GMT 2022","52019","","Inbox Test Suite","","Inbox Test Suite","TC633 - To verify users are able to switch between the categories present for ""Gmail Inbox""","TC633 - To verify users are able to switch between the categories present for ""Gmail Inbox""",""
"passed","Mon Sep 12 15:16:54 GMT 2022","Mon Sep 12 15:17:33 GMT 2022","39699","","Inbox Test Suite","","Inbox Test Suite","TC658 - To verify when user is searching within Gmail inbox, the search results should only contain email exchange data","TC658 - To verify when user is searching within Gmail inbox, the search results should only contain email exchange data",""
"passed","Mon Sep 12 15:37:26 GMT 2022","Mon Sep 12 15:38:56 GMT 2022","89508","","Inbox Test Suite","","Inbox Test Suite","TC673 - To verify remove the conversation from SM","TC673 - To verify remove the conversation from SM",""
"passed","Mon Sep 12 15:06:13 GMT 2022","Mon Sep 12 15:06:59 GMT 2022","45590","","Left and Right Panel Test Suite","","Left and Right Panel Test Suite","TC255 - Verify that user is able to compose and send an email with inline images","TC255 - Verify that user is able to compose and send an email with inline images",""
"passed","Mon Sep 12 15:12:32 GMT 2022","Mon Sep 12 15:13:02 GMT 2022","30191","","Inbox Test Suite","","Inbox Test Suite","TC646 - To verify each mail in conversation should have the option to reply/reply all or forward","TC646 - To verify each mail in conversation should have the option to reply/reply all or forward",""
"passed","Mon Sep 12 15:26:12 GMT 2022","Mon Sep 12 15:27:51 GMT 2022","98653","","Inbox Test Suite","","Inbox Test Suite","TC687 - To verify the Gmail inbox conversation list view with shared conversation mails","TC687 - To verify the Gmail inbox conversation list view with shared conversation mails",""
"passed","Mon Sep 12 14:51:07 GMT 2022","Mon Sep 12 14:51:29 GMT 2022","22616","","Login Test Suite","","Login Test Suite","TC629- To verify app able to login by long press on hiver logo","TC629- To verify app able to login by long press on hiver logo",""
"passed","Mon Sep 12 14:53:37 GMT 2022","Mon Sep 12 14:54:03 GMT 2022","26648","","Left and Right Panel Test Suite","","Left and Right Panel Test Suite","TC724 - To verify profileAvatar.","TC724 - To verify profileAvatar.",""
"passed","Mon Sep 12 15:07:26 GMT 2022","Mon Sep 12 15:07:53 GMT 2022","26685","","Inbox Test Suite","","Inbox Test Suite","TC632 - To verify users are able too see Default inbox type with the categories - Inbox, Primary, Social,Promotions,Updates,Forums","TC632 - To verify users are able too see Default inbox type with the categories - Inbox, Primary, Social,Promotions,Updates,Forums",""
"passed","Mon Sep 12 15:40:27 GMT 2022","Mon Sep 12 15:42:22 GMT 2022","114822","","Inbox Test Suite","","Inbox Test Suite","TC677 - To verify confirmation popup should not show once the user checks the ""don’t show again"" option","TC677 - To verify confirmation popup should not show once the user checks the ""don’t show again"" option",""
"passed","Mon Sep 12 15:21:43 GMT 2022","Mon Sep 12 15:23:05 GMT 2022","82858","","Inbox Test Suite","","Inbox Test Suite","TC674 - To verify user is able to add conversations under ""Gmail inbox"" to SM he is part of.","TC674 - To verify user is able to add conversations under ""Gmail inbox"" to SM he is part of.",""
"passed","Mon Sep 12 15:18:38 GMT 2022","Mon Sep 12 15:19:11 GMT 2022","32861","","Inbox Test Suite","","Inbox Test Suite","TC663 - To verify users are able to open the conversation from the searched results for ""Gmail Inbox"".","TC663 - To verify users are able to open the conversation from the searched results for ""Gmail Inbox"".",""
"passed","Mon Sep 12 15:10:07 GMT 2022","Mon Sep 12 15:10:32 GMT 2022","25474","","Inbox Test Suite","","Inbox Test Suite","TC640 - To verify Subject line","TC640 - To verify Subject line",""
"passed","Mon Sep 12 14:56:00 GMT 2022","Mon Sep 12 14:56:25 GMT 2022","25191","","Left and Right Panel Test Suite","","Left and Right Panel Test Suite","TC730 - Verify that clicking on Product updates option, opens up web page where user can check the latest updates in app.","TC730 - Verify that clicking on Product updates option, opens up web page where user can check the latest updates in app.",""
"passed","Mon Sep 12 15:17:35 GMT 2022","Mon Sep 12 15:18:06 GMT 2022","30915","","Inbox Test Suite","","Inbox Test Suite","TC660 - To verify ""Gmail Inbox"" chip is displayed for personal conversation if user searches for conversation in ""All Inboxes""","TC660 - To verify ""Gmail Inbox"" chip is displayed for personal conversation if user searches for conversation in ""All Inboxes""",""
"passed","Mon Sep 12 15:44:19 GMT 2022","Mon Sep 12 15:45:02 GMT 2022","43035","","Inbox Test Suite","","Inbox Test Suite","TC99 - Verify that if any email is unread in the conversation, it should expand automatically for the user to read.","TC99 - Verify that if any email is unread in the conversation, it should expand automatically for the user to read.",""
"passed","Mon Sep 12 14:59:16 GMT 2022","Mon Sep 12 14:59:44 GMT 2022","28202","","Left and Right Panel Test Suite","","Left and Right Panel Test Suite","TC738 - To verify user lands on respective SM/Inbox chosen from ""Left Drawer Panel""","TC738 - To verify user lands on respective SM/Inbox chosen from ""Left Drawer Panel""",""
"passed","Mon Sep 12 15:16:24 GMT 2022","Mon Sep 12 15:16:53 GMT 2022","28720","","Inbox Test Suite","","Inbox Test Suite","TC654 - To verify user is able to search for the conversation present in ""Gmail Inbox"" from search screen","TC654 - To verify user is able to search for the conversation present in ""Gmail Inbox"" from search screen",""
"passed","Mon Sep 12 15:00:18 GMT 2022","Mon Sep 12 15:00:52 GMT 2022","34044","","Left and Right Panel Test Suite","","Left and Right Panel Test Suite","TC742 - Verify that user gets an error message on trying to send an email with empty ""From"" field","TC742 - Verify that user gets an error message on trying to send an email with empty ""From"" field",""
"passed","Mon Sep 12 14:57:51 GMT 2022","Mon Sep 12 14:58:16 GMT 2022","25723","","Left and Right Panel Test Suite","","Left and Right Panel Test Suite","TC734 - To verify ""Left Drawer Panel"" is displayed if user clicks on ""Left Menu"" button.","TC734 - To verify ""Left Drawer Panel"" is displayed if user clicks on ""Left Menu"" button.",""
"passed","Mon Sep 12 15:18:07 GMT 2022","Mon Sep 12 15:18:37 GMT 2022","30150","","Inbox Test Suite","","Inbox Test Suite","TC662 - To verify proper chips are being displayed for the conversation part of both ""SMs and Inbox"" present in searched results","TC662 - To verify proper chips are being displayed for the conversation part of both ""SMs and Inbox"" present in searched results",""
"passed","Mon Sep 12 14:54:32 GMT 2022","Mon Sep 12 14:54:59 GMT 2022","27115","","Left and Right Panel Test Suite","","Left and Right Panel Test Suite","TC726 - To verify ""Right Drawer"" panel is closed when user clicks on ""Close"" icon.","TC726 - To verify ""Right Drawer"" panel is closed when user clicks on ""Close"" icon.",""
"passed","Mon Sep 12 14:56:27 GMT 2022","Mon Sep 12 14:56:52 GMT 2022","25383","","Left and Right Panel Test Suite","","Left and Right Panel Test Suite","TC731 - Verify that user is able to logout of the app using logout button.","TC731 - Verify that user is able to logout of the app using logout button.",""
"passed","Mon Sep 12 15:31:13 GMT 2022","Mon Sep 12 15:32:39 GMT 2022","85938","","Inbox Test Suite","","Inbox Test Suite","TC657 - To verify users can switch to different SMs and able to see the assignee and other informations","TC657 - To verify users can switch to different SMs and able to see the assignee and other informations",""
"passed","Mon Sep 12 15:07:00 GMT 2022","Mon Sep 12 15:07:25 GMT 2022","24674","","Inbox Test Suite","","Inbox Test Suite","TC631 - To verify users land on ""Gmail Inbox"" inbox category on very first login.","TC631 - To verify users land on ""Gmail Inbox"" inbox category on very first login.",""
"passed","Mon Sep 12 15:14:41 GMT 2022","Mon Sep 12 15:15:28 GMT 2022","47084","","Inbox Test Suite","","Inbox Test Suite","TC650 - To verify that ""Tag icon on top, tag chips, assignee, status and activity buttons"" are not part of the personal conversation thread list screen.","TC650 - To verify that ""Tag icon on top, tag chips, assignee, status and activity buttons"" are not part of the personal conversation thread list screen.",""
"passed","Mon Sep 12 15:28:26 GMT 2022","Mon Sep 12 15:29:51 GMT 2022","85178","","Inbox Test Suite","","Inbox Test Suite","TC651 - To verify when user open any shared conversation (from Inbox/SM listview), he/she should be able to view SM info (assignee, staus,tags etc) on this conversation.","TC651 - To verify when user open any shared conversation (from Inbox/SM listview), he/she should be able to view SM info (assignee, staus,tags etc) on this conversation.",""
"passed","Mon Sep 12 15:05:46 GMT 2022","Mon Sep 12 15:06:12 GMT 2022","25891","","Left and Right Panel Test Suite","","Left and Right Panel Test Suite","TC761 - Verify that user is able to access Compose and help&feedback even with no internet connection","TC761 - Verify that user is able to access Compose and help&feedback even with no internet connection",""
"passed","Mon Sep 12 15:45:03 GMT 2022","Mon Sep 12 15:45:28 GMT 2022","24390","","Inbox Test Suite","","Inbox Test Suite","TC104 - Verify that user can see the attachement icon in the list view of mail.","TC104 - Verify that user can see the attachement icon in the list view of mail.",""
"passed","Mon Sep 12 15:42:23 GMT 2022","Mon Sep 12 15:43:51 GMT 2022","87610","","Inbox Test Suite","","Inbox Test Suite","TC678 - To verify remove conversation from <SM name>”","TC678 - To verify remove conversation from <SM name>”",""
"passed","Mon Sep 12 15:20:21 GMT 2022","Mon Sep 12 15:21:41 GMT 2022","80220","","Inbox Test Suite","","Inbox Test Suite","TC669 - To verify there is an option to add the conversation to a shared mailbox for the mails present under ""gmail inbox""","TC669 - To verify there is an option to add the conversation to a shared mailbox for the mails present under ""gmail inbox""",""
"passed","Mon Sep 12 14:55:29 GMT 2022","Mon Sep 12 14:55:59 GMT 2022","29828","","Left and Right Panel Test Suite","","Left and Right Panel Test Suite","TC729 - Verify that on clicking on ""Help and Feedback"" in ""Right Drawer Panel"", compose mail page is opened with ""support id"" as default in ""To"" field","TC729 - Verify that on clicking on ""Help and Feedback"" in ""Right Drawer Panel"", compose mail page is opened with ""support id"" as default in ""To"" field",""
"passed","Mon Sep 12 15:13:03 GMT 2022","Mon Sep 12 15:13:30 GMT 2022","26415","","Inbox Test Suite","","Inbox Test Suite","TC647 - To verify each mail in conversation should have the option to reply/reply all or forward","TC647 - To verify each mail in conversation should have the option to reply/reply all or forward",""
"passed","Mon Sep 12 15:09:15 GMT 2022","Mon Sep 12 15:09:39 GMT 2022","24158","","Inbox Test Suite","","Inbox Test Suite","TC638 - To verify that the time or date information on a conversation","TC638 - To verify that the time or date information on a conversation",""
"passed","Mon Sep 12 15:15:58 GMT 2022","Mon Sep 12 15:16:23 GMT 2022","25133","","Inbox Test Suite","","Inbox Test Suite","TC653 - To  verify user is able to switch between header tabs in the search screen.","TC653 - To  verify user is able to switch between header tabs in the search screen.",""
"passed","Mon Sep 12 15:23:06 GMT 2022","Mon Sep 12 15:24:47 GMT 2022","100968","","Inbox Test Suite","","Inbox Test Suite","TC676 - To verify conversation is not getting added to SM if user ""Cancels"" the confirmation.","TC676 - To verify conversation is not getting added to SM if user ""Cancels"" the confirmation.",""
"passed","Mon Sep 12 15:01:39 GMT 2022","Mon Sep 12 15:02:31 GMT 2022","51779","","Left and Right Panel Test Suite","","Left and Right Panel Test Suite","TC744 - Verify that user is able to send the email successfully.","TC744 - Verify that user is able to send the email successfully.",""
"passed","Mon Sep 12 14:55:01 GMT 2022","Mon Sep 12 14:55:28 GMT 2022","27347","","Left and Right Panel Test Suite","","Left and Right Panel Test Suite","TC727 - To verify ""Right Drawer Panel"" is getting closed if user clicks anywhere outside the panel.","TC727 - To verify ""Right Drawer Panel"" is getting closed if user clicks anywhere outside the panel.",""
"passed","Mon Sep 12 14:51:31 GMT 2022","Mon Sep 12 14:51:50 GMT 2022","18833","","Login Test Suite","","Login Test Suite","TC630- To verify long press on hiver logo, showing the popup for quick login","TC630- To verify long press on hiver logo, showing the popup for quick login",""
"passed","Mon Sep 12 15:03:11 GMT 2022","Mon Sep 12 15:04:06 GMT 2022","55248","","Left and Right Panel Test Suite","","Left and Right Panel Test Suite","TC748 - Verify that after sending an email through compose, user should be landed back to preserved SM-View state with the sending toast & sent toast.","TC748 - Verify that after sending an email through compose, user should be landed back to preserved SM-View state with the sending toast & sent toast.",""
"passed","Mon Sep 12 15:19:12 GMT 2022","Mon Sep 12 15:19:51 GMT 2022","39126","","Inbox Test Suite","","Inbox Test Suite","TC664 -To verify proper error message is displayed if user searches for conversation using wrong keywords.","TC664 -To verify proper error message is displayed if user searches for conversation using wrong keywords.",""
"passed","Mon Sep 12 14:59:45 GMT 2022","Mon Sep 12 15:00:17 GMT 2022","31677","","Left and Right Panel Test Suite","","Left and Right Panel Test Suite","TC741 - Verify user should have the option to select any other SM email(or their alias) or my personal email in the From field","TC741 - Verify user should have the option to select any other SM email(or their alias) or my personal email in the From field",""
"passed","Mon Sep 12 15:19:52 GMT 2022","Mon Sep 12 15:20:20 GMT 2022","27461","","Inbox Test Suite","","Inbox Test Suite","TC666 - To verify user is taken back to ""Gmail List"" view screen/page by clicking ""Cancel"" button in search screen/page.","TC666 - To verify user is taken back to ""Gmail List"" view screen/page by clicking ""Cancel"" button in search screen/page.",""
"passed","Mon Sep 12 15:43:52 GMT 2022","Mon Sep 12 15:44:18 GMT 2022","25742","","Inbox Test Suite","","Inbox Test Suite","TC97 - Verify that user is able to see subject line of the conversation","TC97 - Verify that user is able to see subject line of the conversation",""
"passed","Mon Sep 12 15:24:49 GMT 2022","Mon Sep 12 15:26:11 GMT 2022","82582","","Inbox Test Suite","","Inbox Test Suite","TC686 - To verify hiver menu would only have the option to add email templates and not create a shared draft.","TC686 - To verify hiver menu would only have the option to add email templates and not create a shared draft.",""
"passed","Mon Sep 12 14:58:48 GMT 2022","Mon Sep 12 14:59:14 GMT 2022","26261","","Left and Right Panel Test Suite","","Left and Right Panel Test Suite","TC736 - Verify that on Compose mail page , the ""From field"" is empty.","TC736 - Verify that on Compose mail page , the ""From field"" is empty.",""
"passed","Mon Sep 12 15:33:08 GMT 2022","Mon Sep 12 15:34:31 GMT 2022","82928","","Inbox Test Suite","","Inbox Test Suite","TC668 - To verify app will not support to add another SM when the conversation already added to one particular SM","TC668 - To verify app will not support to add another SM when the conversation already added to one particular SM",""
"passed","Mon Sep 12 15:02:32 GMT 2022","Mon Sep 12 15:03:10 GMT 2022","37243","","Left and Right Panel Test Suite","","Left and Right Panel Test Suite","TC746 - Verify that users are able to insert email templates (To be executed after email templates are developed for Mobile )","TC746 - Verify that users are able to insert email templates (To be executed after email templates are developed for Mobile )",""
"passed","Mon Sep 12 15:30:42 GMT 2022","Mon Sep 12 15:31:12 GMT 2022","30192","","Inbox Test Suite","","Inbox Test Suite","TC656 - To verify users can switch to a different SM on the conversation thread screen","TC656 - To verify users can switch to a different SM on the conversation thread screen",""
"passed","Mon Sep 12 15:38:57 GMT 2022","Mon Sep 12 15:40:26 GMT 2022","89092","","Inbox Test Suite","","Inbox Test Suite","TC675 - To verify cancel option on the confirmation popup","TC675 - To verify cancel option on the confirmation popup",""
"passed","Mon Sep 12 16:30:14 GMT 2022","Mon Sep 12 16:30:50 GMT 2022","36043","","Permalinks","","Permalinks","TC700 - To verify the deletion of a public permalink should be reflected in the activity panel","TC700 - To verify the deletion of a public permalink should be reflected in the activity panel",""
"passed","Mon Sep 12 15:57:25 GMT 2022","Mon Sep 12 15:58:06 GMT 2022","41388","","Conversation Search","","Conversation Search","TC538 - To verify the very first SM name chip is displayed in the ""All mailboxes"" search result under conversation if conversation is part of multiple SM's","TC538 - To verify the very first SM name chip is displayed in the ""All mailboxes"" search result under conversation if conversation is part of multiple SM's",""
"passed","Mon Sep 12 16:11:42 GMT 2022","Mon Sep 12 16:12:20 GMT 2022","38070","","Permalinks","","Permalinks","TC714 - To verify user is able to access the ""Private Permalink"" sent over other apps if he s part of same SM for which permalink is generated.","TC714 - To verify user is able to access the ""Private Permalink"" sent over other apps if he s part of same SM for which permalink is generated.",""
"passed","Mon Sep 12 16:34:31 GMT 2022","Mon Sep 12 16:35:01 GMT 2022","30657","","Forward","","Forward","TC590 - To verify that the cursor lands on ""To"" field in ""Compose Page"" when user is forwarding/forwards a mail","TC590 - To verify that the cursor lands on ""To"" field in ""Compose Page"" when user is forwarding/forwards a mail",""
"passed","Mon Sep 12 16:24:41 GMT 2022","Mon Sep 12 16:25:18 GMT 2022","36966","","Permalinks","","Permalinks","TC689 - To verify user should be able to refresh an existing public permalink","TC689 - To verify user should be able to refresh an existing public permalink",""
"passed","Mon Sep 12 15:58:08 GMT 2022","Mon Sep 12 15:58:41 GMT 2022","32738","","Conversation Search","","Conversation Search","TC540 - To verify ""No internet"" hello bar is being displayed in search screen if there is not internet.","TC540 - To verify ""No internet"" hello bar is being displayed in search screen if there is not internet.",""
"passed","Mon Sep 12 16:51:28 GMT 2022","Mon Sep 12 16:52:14 GMT 2022","46224","","Quoted Text","","Quoted Text","TC579 - To verify quoted text with dark mode","TC579 - To verify quoted text with dark mode",""
"passed","Mon Sep 12 16:09:17 GMT 2022","Mon Sep 12 16:10:00 GMT 2022","42099","","Permalinks","","Permalinks","TC709 - To verify user is able to access ""Private Permalink"" from Activities/Notes if user is part of same SM","TC709 - To verify user is able to access ""Private Permalink"" from Activities/Notes if user is part of same SM",""
"passed","Mon Sep 12 16:01:27 GMT 2022","Mon Sep 12 16:02:04 GMT 2022","36716","","Conversation Search","","Conversation Search","TC550 - To verify search with some special characters","TC550 - To verify search with some special characters",""
"passed","Mon Sep 12 16:32:24 GMT 2022","Mon Sep 12 16:32:59 GMT 2022","35711","","Forward","","Forward","TC586 -To verify user is able to see ""Forward"" button at the bottom in the conversation list page.","TC586 -To verify user is able to see ""Forward"" button at the bottom in the conversation list page.",""
"passed","Mon Sep 12 16:56:19 GMT 2022","Mon Sep 12 16:57:09 GMT 2022","49701","","Quoted Text","","Quoted Text","TC585 - To verify the cursor when attachments added to the compose screen","TC585 - To verify the cursor when attachments added to the compose screen",""
"passed","Mon Sep 12 16:41:03 GMT 2022","Mon Sep 12 16:41:45 GMT 2022","42685","","Quoted Text","","Quoted Text","TC563 - To verify ""Show Quoted Text"" is visible in ""Compose"" screen as well and is clickable.","TC563 - To verify ""Show Quoted Text"" is visible in ""Compose"" screen as well and is clickable.",""
"passed","Mon Sep 12 16:31:51 GMT 2022","Mon Sep 12 16:32:22 GMT 2022","30992","","Forward","","Forward","TC589 - To verify ""Forwarded"" mail becomes part of the original thread for the user who is forwarding the mail.","TC589 - To verify ""Forwarded"" mail becomes part of the original thread for the user who is forwarding the mail.",""
"passed","Mon Sep 12 16:25:19 GMT 2022","Mon Sep 12 16:25:59 GMT 2022","40201","","Permalinks","","Permalinks","TC695 - To verify creates and updates of a public permalink should be reflected in the activity panel","TC695 - To verify creates and updates of a public permalink should be reflected in the activity panel",""
"broken","Mon Sep 12 16:39:28 GMT 2022","Mon Sep 12 16:40:14 GMT 2022","46068","","Quoted Text","","Quoted Text","TC560 - To verify ""Show quoted text"" is clickable in conversation thread list page.","TC560 - To verify ""Show quoted text"" is clickable in conversation thread list page.",""
"passed","Mon Sep 12 15:56:40 GMT 2022","Mon Sep 12 15:57:24 GMT 2022","44090","","Conversation Search","","Conversation Search","TC539 - To verify email address of the person is displayed when the name of the originator for the conversation is not present.","TC539 - To verify email address of the person is displayed when the name of the originator for the conversation is not present.",""
"passed","Mon Sep 12 16:21:47 GMT 2022","Mon Sep 12 16:22:31 GMT 2022","44874","","Permalinks","","Permalinks","TC758 - To verify if user clicks on the ""Public Permalink"", he/she taken to the webpage even if the app is installed.","TC758 - To verify if user clicks on the ""Public Permalink"", he/she taken to the webpage even if the app is installed.",""
"passed","Mon Sep 12 16:26:01 GMT 2022","Mon Sep 12 16:27:48 GMT 2022","107455","","Permalinks","","Permalinks","TC696 - To verify the first name of the SM member who is created the public permalink is displayed below the popup modal","TC696 - To verify the first name of the SM member who is created the public permalink is displayed below the popup modal",""
"passed","Mon Sep 12 15:55:59 GMT 2022","Mon Sep 12 15:56:38 GMT 2022","39443","","Conversation Search","","Conversation Search","TC537 - To verify SM chip name is displayed under ""All mailbox"" tab in search result page.","TC537 - To verify SM chip name is displayed under ""All mailbox"" tab in search result page.",""
"passed","Mon Sep 12 15:51:53 GMT 2022","Mon Sep 12 15:52:33 GMT 2022","39980","","Conversation Search","","Conversation Search","TC528 - To verify the search results are displayed under ""All Mailboxes"" apart from chosen SM.","TC528 - To verify the search results are displayed under ""All Mailboxes"" apart from chosen SM.",""
"passed","Mon Sep 12 16:00:40 GMT 2022","Mon Sep 12 16:01:26 GMT 2022","45528","","Conversation Search","","Conversation Search","TC545 - To verify if search item updates when assignee/status/read-unread is updated from mobile or web","TC545 - To verify if search item updates when assignee/status/read-unread is updated from mobile or web",""
"broken","Mon Sep 12 16:45:26 GMT 2022","Mon Sep 12 16:46:29 GMT 2022","63340","","Quoted Text","","Quoted Text","TC571 - To verify the quoted in the Shared Draft screen","TC571 - To verify the quoted in the Shared Draft screen",""
"passed","Mon Sep 12 16:46:32 GMT 2022","Mon Sep 12 16:48:07 GMT 2022","94289","","Quoted Text","","Quoted Text","TC572 - To verify the quoted text with new recipient","TC572 - To verify the quoted text with new recipient",""
"passed","Mon Sep 12 16:49:03 GMT 2022","Mon Sep 12 16:49:36 GMT 2022","33555","","Quoted Text","","Quoted Text","TC574 - To verify the quoted text should be collapsed by default","TC574 - To verify the quoted text should be collapsed by default",""
"passed","Mon Sep 12 16:27:50 GMT 2022","Mon Sep 12 16:29:35 GMT 2022","105012","","Permalinks","","Permalinks","TC697 - To verify the first name of the SM member who is created the public permalink is displayed below the popup modal","TC697 - To verify the first name of the SM member who is created the public permalink is displayed below the popup modal",""
"passed","Mon Sep 12 15:54:35 GMT 2022","Mon Sep 12 15:55:13 GMT 2022","38904","","Conversation Search","","Conversation Search","TC533 - To verify ""Subject of the conversation, Snippet of the latest email on the conversation and Count of number of emails in the conversation"" are being displayed in the searched results or not.","TC533 - To verify ""Subject of the conversation, Snippet of the latest email on the conversation and Count of number of emails in the conversation"" are being displayed in the searched results or not.",""
"passed","Mon Sep 12 16:55:28 GMT 2022","Mon Sep 12 16:56:18 GMT 2022","49216","","Quoted Text","","Quoted Text","TC584 - To check the quoted text should not be the part of Shared Draft","TC584 - To check the quoted text should not be the part of Shared Draft",""
"passed","Mon Sep 12 16:52:16 GMT 2022","Mon Sep 12 16:53:19 GMT 2022","62446","","Quoted Text","","Quoted Text","TC598 - To verify the focus/cusor when user removes the attachment in compose screen","TC598 - To verify the focus/cusor when user removes the attachment in compose screen",""
"broken","Mon Sep 12 16:58:18 GMT 2022","Mon Sep 12 16:58:42 GMT 2022","24094","","Forward","","Forward","TC587 - To verify users are able to ""Forward"" the entire conversation present in the thread.","TC587 - To verify users are able to ""Forward"" the entire conversation present in the thread.",""
"passed","Mon Sep 12 16:06:15 GMT 2022","Mon Sep 12 16:06:50 GMT 2022","34485","","Permalinks","","Permalinks","TC693 - To verify if user is able to copy ""Private Permalink"" or not.","TC693 - To verify if user is able to copy ""Private Permalink"" or not.",""
"passed","Mon Sep 12 15:59:19 GMT 2022","Mon Sep 12 16:00:03 GMT 2022","44496","","Conversation Search","","Conversation Search","TC543 - To verify search results are displayed even when user puts the app in background and comes back again.","TC543 - To verify search results are displayed even when user puts the app in background and comes back again.",""
"passed","Mon Sep 12 16:54:01 GMT 2022","Mon Sep 12 16:54:39 GMT 2022","38222","","Quoted Text","","Quoted Text","TC582 - To check the quoted text is removed in both sender and receiver side","TC582 - To check the quoted text is removed in both sender and receiver side",""
"broken","Mon Sep 12 16:40:15 GMT 2022","Mon Sep 12 16:41:01 GMT 2022","46434","","Quoted Text","","Quoted Text","TC561 - To verify ""Hide Quoted Text"" is clickable and the entire conversation thread under quoted text should collapse if user clicks the same","TC561 - To verify ""Hide Quoted Text"" is clickable and the entire conversation thread under quoted text should collapse if user clicks the same",""
"passed","Mon Sep 12 16:50:45 GMT 2022","Mon Sep 12 16:51:27 GMT 2022","41636","","Quoted Text","","Quoted Text","TC577 - To verify the quoted text with no internet","TC577 - To verify the quoted text with no internet",""
"passed","Mon Sep 12 16:48:08 GMT 2022","Mon Sep 12 16:49:02 GMT 2022","53419","","Quoted Text","","Quoted Text","TC573 - To verify the removed quoted text in the Gmail conversation","TC573 - To verify the removed quoted text in the Gmail conversation",""
"passed","Mon Sep 12 16:35:46 GMT 2022","Mon Sep 12 16:36:32 GMT 2022","46559","","Forward","","Forward","TC593 - To verify if mail is forwarded to wrong/invalid recipients, proper error message is thrown.","TC593 - To verify if mail is forwarded to wrong/invalid recipients, proper error message is thrown.",""
"broken","Mon Sep 12 16:22:33 GMT 2022","Mon Sep 12 16:24:40 GMT 2022","126798","","Permalinks","","Permalinks","TC694 - To verify the link, refresh and delete icon is visible/present once after the public permalink generated","TC694 - To verify the link, refresh and delete icon is visible/present once after the public permalink generated",""
"broken","Mon Sep 12 16:43:46 GMT 2022","Mon Sep 12 16:44:44 GMT 2022","58359","","Quoted Text","","Quoted Text","TC566 - To verify quoted text gets removed/deleted from the compose screen if user clicks on ""Remove"" link in compose screen","TC566 - To verify quoted text gets removed/deleted from the compose screen if user clicks on ""Remove"" link in compose screen",""
"passed","Mon Sep 12 16:35:03 GMT 2022","Mon Sep 12 16:35:44 GMT 2022","41676","","Forward","","Forward","TC591 - To verify ""Forwarded"" mail becomes part of the original thread for the user who is forwarding the mail.","TC591 - To verify ""Forwarded"" mail becomes part of the original thread for the user who is forwarding the mail.",""
"broken","Mon Sep 12 16:41:47 GMT 2022","Mon Sep 12 16:42:45 GMT 2022","58140","","Quoted Text","","Quoted Text","TC564 - To verify ""Hide Quoted Text"" and ""Remove"" link is visible when user has expanded the quoted text in compose screen.","TC564 - To verify ""Hide Quoted Text"" and ""Remove"" link is visible when user has expanded the quoted text in compose screen.",""
"passed","Mon Sep 12 16:44:45 GMT 2022","Mon Sep 12 16:45:24 GMT 2022","38840","","Quoted Text","","Quoted Text","TC567 - To verify click on the ""Reply"" or ""Reply all"" quoted text will automatically be attached","TC567 - To verify click on the ""Reply"" or ""Reply all"" quoted text will automatically be attached",""
"passed","Mon Sep 12 15:52:34 GMT 2022","Mon Sep 12 15:53:10 GMT 2022","36048","","Conversation Search","","Conversation Search","TC530 - To verify that the search results are displayed according to the recent email activity done for conversations.","TC530 - To verify that the search results are displayed according to the recent email activity done for conversations.",""
"passed","Mon Sep 12 16:19:54 GMT 2022","Mon Sep 12 16:21:45 GMT 2022","111182","","Permalinks","","Permalinks","TC721 - To verify the creation of a public permalink is reflected in the activity panel.","TC721 - To verify the creation of a public permalink is reflected in the activity panel.",""
"passed","Mon Sep 12 15:48:48 GMT 2022","Mon Sep 12 15:49:20 GMT 2022","31167","","Conversation Search","","Conversation Search","TC523 - To verify user is taken to separate ""Search"" page when he clicks on the ""Search"" icon.","TC523 - To verify user is taken to separate ""Search"" page when he clicks on the ""Search"" icon.",""
"passed","Mon Sep 12 16:07:41 GMT 2022","Mon Sep 12 16:08:30 GMT 2022","49262","","Permalinks","","Permalinks","TC706 - To verify ""Private Permalink"" is easily distinguishable between normal text and public permalink created both in dark and lite mode.","TC706 - To verify ""Private Permalink"" is easily distinguishable between normal text and public permalink created both in dark and lite mode.",""
"passed","Mon Sep 12 16:05:03 GMT 2022","Mon Sep 12 16:05:36 GMT 2022","33332","","Permalinks","","Permalinks","TC691 - To verify ""Permalink icon"" is visible/present for conversation belonging to SM/ Inbox + SM","TC691 - To verify ""Permalink icon"" is visible/present for conversation belonging to SM/ Inbox + SM",""
"passed","Mon Sep 12 16:17:31 GMT 2022","Mon Sep 12 16:18:21 GMT 2022","50815","","Permalinks","","Permalinks","TC718 - To verify user is able to send out the ""Public Permalink"" as ""Reply/Reply All/Forward/Notes""","TC718 - To verify user is able to send out the ""Public Permalink"" as ""Reply/Reply All/Forward/Notes""",""
"passed","Mon Sep 12 16:33:01 GMT 2022","Mon Sep 12 16:34:29 GMT 2022","88360","","Forward","","Forward","TC588 - To verify ""Forwarded"" mail becomes part of the original thread for the user who is forwarding the mail.","TC588 - To verify ""Forwarded"" mail becomes part of the original thread for the user who is forwarding the mail.",""
"passed","Mon Sep 12 16:06:51 GMT 2022","Mon Sep 12 16:07:39 GMT 2022","48449","","Permalinks","","Permalinks","TC705 - To verify user is able to send a ""Private Permalink"" as reply/forward from compose section of conversation.","TC705 - To verify user is able to send a ""Private Permalink"" as reply/forward from compose section of conversation.",""
"passed","Mon Sep 12 15:50:04 GMT 2022","Mon Sep 12 15:50:36 GMT 2022","32419","","Conversation Search","","Conversation Search","TC526 - To verify if user clicks on the ""Close"" icon in search field, the keyboard should not dismiss.","TC526 - To verify if user clicks on the ""Close"" icon in search field, the keyboard should not dismiss.",""
"passed","Mon Sep 12 16:18:23 GMT 2022","Mon Sep 12 16:19:07 GMT 2022","43839","","Permalinks","","Permalinks","TC719 - To verify ""Public Permalink"" shared is accessible to user part of same SM.","TC719 - To verify ""Public Permalink"" shared is accessible to user part of same SM.",""
"passed","Mon Sep 12 16:49:38 GMT 2022","Mon Sep 12 16:50:44 GMT 2022","65837","","Quoted Text","","Quoted Text","TC576 - To verify the removed quoted text in the Gmail conversation","TC576 - To verify the removed quoted text in the Gmail conversation",""
"passed","Mon Sep 12 16:37:45 GMT 2022","Mon Sep 12 16:38:18 GMT 2022","33595","","Forward","","Forward","TC596 - To verify ""From"" address is being picked up from gmail settings by default if user is forwarding a mail.","TC596 - To verify ""From"" address is being picked up from gmail settings by default if user is forwarding a mail.",""
"passed","Mon Sep 12 16:02:42 GMT 2022","Mon Sep 12 16:03:19 GMT 2022","36827","","Conversation Search","","Conversation Search","TC558 - Search with other languages","TC558 - Search with other languages",""
"passed","Mon Sep 12 15:53:11 GMT 2022","Mon Sep 12 15:53:51 GMT 2022","39846","","Conversation Search","","Conversation Search","TC531 - To verify that the search results are displayed according to the recent email activity done for conversations.","TC531 - To verify that the search results are displayed according to the recent email activity done for conversations.",""
"passed","Mon Sep 12 15:49:21 GMT 2022","Mon Sep 12 15:50:02 GMT 2022","41556","","Conversation Search","","Conversation Search","TC524 - To verify that the separate search page contains switchable ""SM"" and All mailboxes"" tab.","TC524 - To verify that the separate search page contains switchable ""SM"" and All mailboxes"" tab.",""
"passed","Mon Sep 12 16:13:50 GMT 2022","Mon Sep 12 16:17:29 GMT 2022","219231","","Permalinks","","Permalinks","TC716 - To verify user is able to create a  Public Permalink  if ""SM or UG configuration allow users to create public permalink.","TC716 - To verify user is able to create a  Public Permalink  if ""SM or UG configuration allow users to create public permalink.",""
"passed","Mon Sep 12 16:05:37 GMT 2022","Mon Sep 12 16:06:14 GMT 2022","36441","","Permalinks","","Permalinks","TC692 - To verify Permalink Icon is accessible for conversation belonging to SM/Inbox+SM","TC692 - To verify Permalink Icon is accessible for conversation belonging to SM/Inbox+SM",""
"passed","Mon Sep 12 15:50:37 GMT 2022","Mon Sep 12 15:51:11 GMT 2022","33408","","Conversation Search","","Conversation Search","TC525 - To verify whether ""Cancel""  button in the search page takes user back to home page of the app or not.","TC525 - To verify whether ""Cancel""  button in the search page takes user back to home page of the app or not.",""
"broken","Mon Sep 12 16:57:55 GMT 2022","Mon Sep 12 16:58:18 GMT 2022","23145","","Permalinks","","Permalinks","TC690 - To verify ""Permalink icon"" is not visible/present for only Gmail Inbox conversations.","TC690 - To verify ""Permalink icon"" is not visible/present for only Gmail Inbox conversations.",""
"passed","Mon Sep 12 16:10:52 GMT 2022","Mon Sep 12 16:11:41 GMT 2022","48794","","Permalinks","","Permalinks","TC713 - To verify proper error message is thrown if user edits the private permalink and tries accessing the same.","TC713 - To verify proper error message is thrown if user edits the private permalink and tries accessing the same.",""
"passed","Mon Sep 12 16:36:33 GMT 2022","Mon Sep 12 16:37:43 GMT 2022","69839","","Forward","","Forward","TC594 - To verify ""From"" address is being picked up from gmail settings by default if user is forwarding a mail.","TC594 - To verify ""From"" address is being picked up from gmail settings by default if user is forwarding a mail.",""
"passed","Mon Sep 12 16:19:09 GMT 2022","Mon Sep 12 16:19:53 GMT 2022","43957","","Permalinks","","Permalinks","TC720 - To verify Non-SM user is able to access the public permalink shared.","TC720 - To verify Non-SM user is able to access the public permalink shared.",""
"passed","Mon Sep 12 16:53:20 GMT 2022","Mon Sep 12 16:53:59 GMT 2022","39147","","Quoted Text","","Quoted Text","TC581 - To verify the quoted received by the new recipient","TC581 - To verify the quoted received by the new recipient",""
"passed","Mon Sep 12 15:51:12 GMT 2022","Mon Sep 12 15:51:51 GMT 2022","39071","","Conversation Search","","Conversation Search","TC527 - To verify search results are based on ""Start with"" search across ""BODY"" and ""SUBJECT"" of the email.","TC527 - To verify search results are based on ""Start with"" search across ""BODY"" and ""SUBJECT"" of the email.",""
"passed","Mon Sep 12 15:58:42 GMT 2022","Mon Sep 12 15:59:17 GMT 2022","35321","","Conversation Search","","Conversation Search","TC541 - To verify empty screen along with proper error message is being displayed when user searches using invalid keywords.","TC541 - To verify empty screen along with proper error message is being displayed when user searches using invalid keywords.",""
"broken","Mon Sep 12 16:57:30 GMT 2022","Mon Sep 12 16:57:54 GMT 2022","24354","","Conversation Search","","Conversation Search","TC522 - To verify ""Search"" icon is visible in the homepage of the app.","TC522 - To verify ""Search"" icon is visible in the homepage of the app.",""
"passed","Mon Sep 12 16:10:01 GMT 2022","Mon Sep 12 16:10:51 GMT 2022","49740","","Permalinks","","Permalinks","TC712 - To verify user is able to access ""Private Permalink"" from ""Quoted Text"" if user is still part of same SM.","TC712 - To verify user is able to access ""Private Permalink"" from ""Quoted Text"" if user is still part of same SM.",""
"broken","Mon Sep 12 16:42:46 GMT 2022","Mon Sep 12 16:43:44 GMT 2022","58254","","Quoted Text","","Quoted Text","TC565 - To verify user is able to collapse the quoted text by clicking on ""Hide Quoted Text"" link in compose screen.","TC565 - To verify user is able to collapse the quoted text by clicking on ""Hide Quoted Text"" link in compose screen.",""
"passed","Mon Sep 12 16:08:31 GMT 2022","Mon Sep 12 16:09:16 GMT 2022","44728","","Permalinks","","Permalinks","TC707 - To verify user is able to access ""Private Permalink"" for SM which he is part of.","TC707 - To verify user is able to access ""Private Permalink"" for SM which he is part of.",""
"passed","Mon Sep 12 16:29:36 GMT 2022","Mon Sep 12 16:30:13 GMT 2022","37062","","Permalinks","","Permalinks","TC698 - To verify user should be able to delete an existing public permalink","TC698 - To verify user should be able to delete an existing public permalink",""
"passed","Mon Sep 12 16:12:21 GMT 2022","Mon Sep 12 16:13:10 GMT 2022","48778","","Permalinks","","Permalinks","TC756 - To verify the if the app will show a restricted page stating that the user does not have access to the conversation.","TC756 - To verify the if the app will show a restricted page stating that the user does not have access to the conversation.",""
"passed","Mon Sep 12 16:00:04 GMT 2022","Mon Sep 12 16:00:39 GMT 2022","34927","","Conversation Search","","Conversation Search","TC544 - To verify user is able to scroll the search result.","TC544 - To verify user is able to scroll the search result.",""
"passed","Mon Sep 12 15:53:53 GMT 2022","Mon Sep 12 15:54:33 GMT 2022","40529","","Conversation Search","","Conversation Search","TC532 - To verify that name of the originator of the conversation is displayed in the search results.","TC532 - To verify that name of the originator of the conversation is displayed in the search results.",""
"passed","Mon Sep 12 16:13:12 GMT 2022","Mon Sep 12 16:13:49 GMT 2022","37214","","Permalinks","","Permalinks","TC715 - To verify ""Public Permalink Generate"" option is disabled If an SM or UG configuration does not allow users to create public permalink.","TC715 - To verify ""Public Permalink Generate"" option is disabled If an SM or UG configuration does not allow users to create public permalink.",""
"passed","Mon Sep 12 15:55:15 GMT 2022","Mon Sep 12 15:55:58 GMT 2022","42900","","Conversation Search","","Conversation Search","TC535 - To verify search result contains chips representing the first name of the ""Assignee""  and ""Status"" of the conversation.","TC535 - To verify search result contains chips representing the first name of the ""Assignee""  and ""Status"" of the conversation.",""
"passed","Mon Sep 12 16:54:40 GMT 2022","Mon Sep 12 16:55:27 GMT 2022","46913","","Quoted Text","","Quoted Text","TC583 - To verify the date format and email address in the quoted text","TC583 - To verify the date format and email address in the quoted text",""
"passed","Mon Sep 12 16:02:05 GMT 2022","Mon Sep 12 16:02:41 GMT 2022","35559","","Conversation Search","","Conversation Search","TC557 - Search with unicodes","TC557 - Search with unicodes",""
"broken","Mon Sep 12 16:58:43 GMT 2022","Mon Sep 12 16:59:06 GMT 2022","23410","","Quoted Text","","Quoted Text","TC559 - To verify ""Show Quoted Text"" is visible in the conversation thread list page.","TC559 - To verify ""Show Quoted Text"" is visible in the conversation thread list page.",""
